numer_konta,typ_transakcji,kwota,data,czas
000002826168,wplata,+12,2024-01-07,15:58:20
000002826168,wplata,+11,2024-01-07,16:04:42
000002826168,wplata,+11,2024-01-07,16:05:56
000003439250,wplata,+123,2024-01-07,16:08:05
000003439250,przelew,-14.50,2024-01-07,16:08:29
000001132722,przelew,+14.50,2024-01-07,16:08:29
000001117464,wplata,+100,2024-01-09,17:54:05
000001117464,wplata,+100,2024-01-09,17:54:05
000001132722,wplata,+11,2024-01-09,18:16:23
000001132722,wyplata,-11,2024-01-09,18:17:38
000003439250,przelew,-12,2024-01-09,22:25:52
000002826168,przelew,+12,2024-01-09,22:25:52
000007667086,wplata,+120,2024-01-10,01:14:48
000007667086,wyplata,-11,2024-01-10,01:15:07
000008384497,wplata,+3.50,2024-01-10,14:36:50
000008384497,przelew_wychodzacy,-2,2024-01-10,14:37:35
000006541048,przelew_przychadzacy,+2,2024-01-14,14:37:35
000009348444,wplata,+111,2024-01-14,13:51:31
000009348444,przelew_wychodzacy,-100,2024-01-16,13:52:04
0000065410488,przelew_przychadzacy,+100,2024-01-16,13:52:04
000017846053,wyplata,-2,2024-01-26,01:07:47
000017846053,przelew_wychodzacy,-1,2024-01-26,01:08:14
000009348444,przelew_przychadzacy,+1,2024-01-26,01:08:14
000001132722,przelew_przychadzacy,-101.77,2023-07-11,15:31:52
000002826168,wyplata,154.86,2023-05-15,15:31:52
000017846053,przelew_wychodzacy,-168.76,2023-02-04,15:31:52
000007667086,przelew_przychadzacy,-117.77,2023-03-12,15:31:52
000002826168,przelew,-122.86,2023-10-07,15:31:52
000006541048,przelew_wychodzacy,-42.06,2023-12-21,15:31:52
000002826168,przelew,-90.63,2023-11-07,15:31:52
000017846053,wyplata,25.28,2023-02-07,15:31:52
000001132722,wplata,-143.3,2023-06-23,15:31:52
000007667086,wyplata,167.15,2023-03-22,15:31:52
000001117464,przelew_przychadzacy,75.73,2023-02-19,15:31:52
000007667086,przelew_wychodzacy,69.83,2023-12-06,15:31:52
000008384497,wplata,-138.34,2023-04-27,15:31:52
000001117464,przelew,71.71,2023-07-25,15:31:52
000001132722,przelew_wychodzacy,-69.94,2023-12-30,15:31:52
000001132722,przelew_wychodzacy,69.88,2024-01-28,15:31:52
000009348444,przelew_wychodzacy,-96.67,2023-11-18,15:31:52
000007667086,przelew_przychadzacy,-149.64,2023-05-23,15:31:52
000007667086,przelew_wychodzacy,118.94,2023-02-10,15:31:52
000003439250,przelew_przychadzacy,-20.78,2023-06-18,15:31:52
000007667086,wplata,-43.18,2023-08-27,15:31:52
000009348444,przelew_przychadzacy,-172.86,2023-09-29,15:31:52
000008384497,wplata,-22.32,2023-06-04,15:31:52
000008384497,przelew_wychodzacy,-198.21,2023-08-10,15:31:52
000009348444,wplata,-62.01,2023-10-05,15:31:52
000001117464,przelew,-139.96,2024-01-25,15:31:52
000003439250,przelew_przychadzacy,-89.22,2023-07-23,15:31:52
000017846053,przelew,-167.11,2023-05-13,15:31:52
000001132722,przelew_przychadzacy,65.89,2023-06-17,15:31:52
000003439250,przelew,-193.37,2023-08-07,15:31:52
000002826168,wplata,-34.47,2023-06-15,15:31:52
000002826168,przelew_przychadzacy,-182.04,2023-03-11,15:31:52
000017846053,przelew_przychadzacy,-1.63,2023-06-05,15:31:52
000003439250,przelew_przychadzacy,-66.73,2023-05-31,15:31:52
000001117464,wyplata,36.93,2023-11-18,15:31:52
000006541048,przelew_wychodzacy,-84.54,2023-04-26,15:31:52
000001132722,przelew_przychadzacy,-173.7,2023-09-07,15:31:52
000006541048,wyplata,-132.65,2024-01-03,15:31:52
000001117464,wyplata,150.73,2023-12-05,15:31:52
000017846053,wplata,-30.52,2023-09-21,15:31:52
000001132722,wplata,-164.73,2023-04-20,15:31:52
000001117464,przelew_wychodzacy,-144.67,2024-01-08,15:31:52
000008384497,przelew,-9.91,2023-03-15,15:31:52
000017846053,wplata,-1.6,2023-06-07,15:31:52
000009348444,przelew_wychodzacy,169.92,2023-03-20,15:31:52
000002826168,przelew_przychadzacy,-130.35,2023-09-07,15:31:52
000006541048,przelew,162.58,2023-02-26,15:31:52
000017846053,przelew,119.57,2023-08-19,15:31:52
000006541048,przelew_przychadzacy,-63.64,2023-10-29,15:31:52
000007667086,wplata,-175.45,2023-08-30,15:31:52
000007667086,przelew_przychadzacy,-42.53,2023-02-16,15:31:52
000009348444,przelew,139.92,2023-12-25,15:31:52
000017846053,przelew_wychodzacy,-76.1,2023-04-06,15:31:52
000009348444,przelew,-139.43,2023-06-23,15:31:52
000006541048,przelew_przychadzacy,-66.52,2023-05-08,15:31:52
000009348444,przelew_przychadzacy,-119.3,2024-01-17,15:31:52
000006541048,wyplata,127.41,2023-10-22,15:31:52
000002826168,przelew_wychodzacy,-99.14,2023-04-27,15:31:52
000002826168,wyplata,62.74,2023-08-28,15:31:52
000007667086,wyplata,45.67,2023-02-02,15:31:52
000001117464,przelew_wychodzacy,-121.91,2023-09-08,15:31:52
000002826168,przelew,-116.6,2023-02-24,15:31:52
000017846053,przelew_przychadzacy,-188.82,2023-11-29,15:31:52
000001132722,przelew_wychodzacy,-144.7,2023-12-19,15:31:52
000001132722,przelew,-186.96,2023-06-03,15:31:52
000017846053,przelew_przychadzacy,-54.45,2023-07-16,15:31:52
000008384497,przelew_przychadzacy,166.33,2023-04-06,15:31:52
000009348444,wplata,121.9,2023-08-16,15:31:52
000006541048,przelew,-58.31,2023-05-25,15:31:52
000002826168,przelew_przychadzacy,88.76,2023-07-17,15:31:52
000009348444,wyplata,-143.42,2023-05-22,15:31:52
000008384497,wyplata,105.22,2024-01-29,15:31:52
000001132722,przelew_wychodzacy,104.26,2023-08-31,15:31:52
000008384497,przelew,-178.17,2023-03-04,15:31:52
000001132722,przelew,-156.53,2024-01-01,15:31:52
000007667086,przelew_wychodzacy,94.57,2024-01-24,15:31:52
000009348444,przelew_wychodzacy,-189.26,2023-09-26,15:31:52
000007667086,przelew,139.99,2023-10-31,15:31:52
000002826168,wyplata,146.18,2023-02-24,15:31:52
000008384497,wplata,12.16,2024-01-04,15:31:52
000008384497,przelew,73.72,2023-03-05,15:31:52
000007667086,wyplata,83.46,2023-05-22,15:31:52
000002826168,przelew_przychadzacy,-187.19,2023-04-14,15:31:52
000008384497,przelew_przychadzacy,-114.51,2023-06-25,15:31:52
000001117464,wyplata,57.07,2023-08-03,15:31:52
000003439250,przelew_wychodzacy,-125.05,2023-03-07,15:31:52
000006541048,przelew,-55.48,2023-02-27,15:31:52
000017846053,wplata,68.2,2024-01-09,15:31:52
000009348444,przelew_wychodzacy,-139.7,2024-01-14,15:31:52
000001117464,przelew_wychodzacy,60.93,2023-04-19,15:31:52
000001132722,przelew_przychadzacy,27.0,2023-04-10,15:31:52
000007667086,przelew_wychodzacy,-198.49,2024-01-05,15:31:52
000003439250,wyplata,41.72,2023-03-09,15:31:52
000008384497,wplata,33.9,2023-06-10,15:31:52
000008384497,przelew_przychadzacy,-83.3,2023-03-12,15:31:52
000006541048,wplata,-157.63,2023-08-19,15:31:52
000017846053,wplata,-61.69,2024-01-15,15:31:52
000006541048,wplata,-88.77,2023-11-12,15:31:52
000007667086,przelew_wychodzacy,-106.69,2023-11-15,15:31:52
000001117464,przelew_wychodzacy,-10.97,2023-08-20,15:31:52
000001117464,przelew_przychadzacy,51.1,2023-04-01,15:31:52
000008384497,wyplata,130.26,2023-07-06,15:31:52
000017846053,przelew_wychodzacy,-51.46,2023-07-17,15:31:52
000008384497,przelew,126.69,2023-08-17,15:31:52
000008384497,przelew_przychadzacy,175.09,2023-08-14,15:31:52
000009348444,wplata,-83.88,2023-08-20,15:31:52
000002826168,przelew_przychadzacy,-24.88,2024-01-29,15:31:52
000006541048,wyplata,-170.68,2023-08-30,15:31:52
000003439250,przelew_przychadzacy,-131.9,2023-10-02,15:31:52
000001117464,przelew_przychadzacy,186.56,2023-02-13,15:31:52
000001132722,przelew_wychodzacy,166.66,2023-09-13,15:31:52
000017846053,przelew_przychadzacy,68.48,2023-09-25,15:31:52
000017846053,wplata,-18.85,2023-03-01,15:31:52
000001117464,przelew_wychodzacy,148.87,2023-02-25,15:31:52
000009348444,wplata,35.17,2023-07-13,15:31:52
000007667086,przelew_przychadzacy,158.92,2023-06-09,15:31:52
000002826168,przelew,-76.58,2023-06-28,15:31:52
000008384497,przelew_przychadzacy,-3.52,2023-07-12,15:31:52
000006541048,przelew,139.05,2023-11-26,15:31:52
000009348444,przelew_przychadzacy,2.01,2023-08-25,15:31:52
000001117464,wyplata,84.93,2023-03-31,15:31:52
000001132722,wyplata,59.94,2024-01-05,15:31:52
000003439250,wyplata,-30.49,2023-06-08,15:31:52
000001117464,przelew,-132.21,2023-06-06,15:31:52
000017846053,przelew_przychadzacy,-192.69,2023-04-02,15:31:52
000017846053,wplata,-110.46,2023-08-03,15:31:52
000002826168,przelew_przychadzacy,160.69,2023-11-11,15:31:52
000009348444,przelew,100.01,2023-02-28,15:31:52
000001132722,przelew,109.1,2023-08-13,15:31:52
000001132722,przelew,-186.58,2023-05-29,15:31:52
000008384497,przelew_przychadzacy,-199.85,2023-11-16,15:31:52
000003439250,przelew_przychadzacy,58.9,2023-07-20,15:31:52
000008384497,wplata,-198.23,2024-01-11,15:31:52
000002826168,przelew_wychodzacy,20.21,2023-12-17,15:31:52
000003439250,wyplata,-155.61,2023-07-30,15:31:52
000008384497,wplata,111.46,2023-12-23,15:31:52
000006541048,przelew_wychodzacy,-10.15,2023-09-29,15:31:52
000007667086,przelew_przychadzacy,120.94,2023-10-16,15:31:52
000002826168,wplata,97.55,2023-09-14,15:31:52
000007667086,wyplata,-184.56,2023-07-25,15:31:52
000017846053,przelew,197.16,2023-11-26,15:31:52
000007667086,wyplata,73.13,2023-02-02,15:31:52
000002826168,przelew_przychadzacy,56.47,2023-11-24,15:31:52
000003439250,przelew,-84.79,2023-03-12,15:31:53
000001132722,przelew,158.84,2023-10-16,15:31:53
000007667086,przelew,39.78,2023-11-16,15:31:53
000002826168,przelew,41.05,2023-09-22,15:31:53
000006541048,przelew_przychadzacy,44.01,2023-12-14,15:31:53
000008384497,przelew_przychadzacy,-197.76,2023-06-02,15:31:53
000001117464,wplata,100.21,2023-09-08,15:31:53
000006541048,wplata,2.31,2023-11-07,15:31:53
000006541048,przelew_wychodzacy,13.24,2024-01-14,15:31:53
000017846053,przelew_wychodzacy,23.77,2023-11-29,15:31:53
000003439250,przelew,-170.93,2023-12-21,15:31:53
000009348444,wplata,57.36,2023-09-01,15:31:53
000001132722,przelew_przychadzacy,12.26,2023-07-11,15:31:53
000009348444,przelew,-149.27,2023-12-06,15:31:53
000001117464,wyplata,-164.27,2023-09-14,15:31:53
000006541048,wplata,125.27,2023-03-06,15:31:53
000007667086,przelew_przychadzacy,-91.12,2023-06-19,15:31:53
000009348444,wplata,-61.47,2023-08-23,15:31:53
000009348444,przelew_wychodzacy,114.74,2023-04-30,15:31:53
000001117464,wplata,-135.27,2023-04-03,15:31:53
000008384497,wyplata,47.65,2023-10-28,15:31:53
000009348444,przelew_przychadzacy,5.3,2023-08-06,15:31:53
000002826168,przelew,-68.61,2023-09-27,15:31:53
000008384497,przelew_przychadzacy,133.94,2023-12-27,15:31:53
000009348444,wyplata,-55.24,2023-09-08,15:31:53
000009348444,przelew,105.73,2023-10-10,15:31:53
000008384497,wplata,90.66,2023-05-20,15:31:53
000001117464,przelew_przychadzacy,-184.95,2023-08-10,15:31:53
000001117464,przelew_wychodzacy,-19.79,2024-01-14,15:31:53
000002826168,wyplata,155.13,2023-11-05,15:31:53
000007667086,wplata,97.27,2023-11-24,15:31:53
000017846053,wplata,-77.16,2023-05-24,15:31:53
000003439250,przelew_przychadzacy,-140.99,2023-06-03,15:31:53
000007667086,przelew_wychodzacy,-87.43,2023-04-15,15:31:53
000008384497,wyplata,-14.79,2023-07-17,15:31:53
000006541048,przelew_wychodzacy,62.79,2023-07-14,15:31:53
000008384497,wyplata,43.76,2023-05-24,15:31:53
000006541048,wyplata,-75.33,2023-03-08,15:31:53
000017846053,wplata,-127.04,2023-08-25,15:31:53
000001117464,przelew_wychodzacy,-83.53,2024-01-06,15:31:53
000002826168,przelew_wychodzacy,135.34,2023-05-31,15:31:53
000003439250,wyplata,176.7,2023-10-26,15:31:53
000007667086,wplata,141.55,2023-04-28,15:31:53
000009348444,wyplata,92.33,2023-09-17,15:31:53
000008384497,wplata,-33.67,2023-02-28,15:31:53
000007667086,wplata,162.15,2023-08-13,15:31:53
000007667086,wplata,-169.42,2023-12-06,15:31:53
000002826168,wplata,186.93,2023-03-21,15:31:53
000006541048,wyplata,-74.17,2023-11-19,15:31:53
000002826168,przelew_przychadzacy,-143.72,2023-07-15,15:31:53
000001132722,wyplata,-172.11,2023-09-19,15:31:53
000003439250,przelew_wychodzacy,66.7,2024-01-19,15:31:53
000007667086,wplata,-76.17,2024-01-17,15:31:53
000001117464,przelew_przychadzacy,-39.62,2023-06-17,15:31:53
000001117464,przelew_przychadzacy,164.72,2023-03-24,15:31:53
000002826168,przelew_wychodzacy,-81.38,2023-09-03,15:31:53
000009348444,przelew,-110.43,2023-08-13,15:31:53
000001132722,wyplata,182.93,2023-02-23,15:31:53
000007667086,przelew_przychadzacy,-144.92,2023-03-09,15:31:53
000006541048,wplata,179.53,2023-05-25,15:31:53
000001117464,wyplata,63.01,2024-01-23,15:31:53
000008384497,przelew,16.78,2023-02-20,15:31:53
000017846053,przelew_wychodzacy,-116.47,2023-07-06,15:31:53
000008384497,przelew,162.62,2023-07-04,15:31:53
000008384497,przelew,-153.71,2023-11-21,15:31:53
000001117464,przelew_wychodzacy,13.41,2023-12-23,15:31:53
000007667086,przelew_przychadzacy,161.77,2023-03-29,15:31:53
000001132722,wplata,-77.93,2023-11-26,15:31:53
000001117464,przelew,11.08,2023-12-27,15:31:53
000006541048,przelew,23.22,2024-01-26,15:31:53
000002826168,przelew_przychadzacy,147.16,2023-10-20,15:31:53
000017846053,przelew,38.49,2023-11-12,15:31:53
000008384497,przelew_przychadzacy,-66.2,2023-04-28,15:31:53
000017846053,przelew_wychodzacy,46.18,2023-02-01,15:31:53
000008384497,przelew_przychadzacy,69.87,2023-10-31,15:31:53
000006541048,wplata,51.19,2023-08-18,15:31:53
000009348444,przelew_wychodzacy,10.33,2023-02-25,15:31:53
000001117464,przelew_wychodzacy,87.89,2023-04-18,15:31:53
000009348444,wplata,160.46,2024-01-03,15:31:53
000002826168,wyplata,81.99,2023-08-06,15:31:53
000001117464,przelew,190.36,2023-04-09,15:31:53
000001132722,przelew,30.57,2023-12-26,15:31:53
000003439250,przelew,-82.85,2023-12-09,15:31:53
000017846053,wyplata,55.2,2023-05-08,15:31:53
000001117464,wplata,84.1,2023-03-08,15:31:53
000001117464,przelew_przychadzacy,32.1,2023-12-29,15:31:53
000001132722,wyplata,133.6,2023-09-28,15:31:53
000007667086,przelew,-98.11,2023-03-31,15:31:53
000001117464,wplata,109.41,2023-05-02,15:31:53
000009348444,wyplata,-120.91,2023-08-11,15:31:53
000003439250,wyplata,89.16,2024-01-08,15:31:53
000001117464,wyplata,87.99,2023-12-10,15:31:53
000003439250,wyplata,-119.42,2023-05-30,15:31:53
000006541048,wplata,15.09,2023-11-08,15:31:53
000017846053,wplata,186.69,2024-01-18,15:31:53
000009348444,przelew_wychodzacy,-158.94,2024-01-03,15:31:53
000001132722,wplata,-31.67,2024-01-10,15:31:53
000001117464,wplata,96.92,2023-12-23,15:31:53
000002826168,wyplata,-21.53,2023-12-27,15:31:53
000008384497,wyplata,176.86,2023-08-21,15:31:53
000008384497,przelew_wychodzacy,-82.42,2023-03-03,15:31:53
000002826168,przelew,-87.11,2023-12-17,15:31:53
000003439250,przelew,-88.31,2023-10-31,15:31:53
000017846053,przelew_przychadzacy,-85.77,2024-01-22,15:31:53
000007667086,przelew,142.83,2023-06-03,15:31:53
000007667086,przelew_przychadzacy,-79.22,2023-10-11,15:31:53
000009348444,przelew_wychodzacy,-72.41,2023-06-07,15:31:53
000007667086,przelew_wychodzacy,138.62,2023-07-04,15:31:53
000008384497,przelew,-188.56,2023-05-22,15:31:53
000001117464,wplata,-199.69,2023-06-11,15:31:53
000002826168,wplata,116.09,2024-01-07,15:31:53
000001132722,przelew_wychodzacy,-148.66,2023-07-25,15:31:53
000006541048,wplata,-0.61,2023-06-24,15:31:53
000008384497,wplata,156.01,2023-08-23,15:31:53
000009348444,przelew_przychadzacy,-155.66,2023-04-26,15:31:53
000007667086,przelew_wychodzacy,98.07,2023-12-13,15:31:53
000008384497,wplata,-136.72,2023-03-23,15:31:53
000003439250,wyplata,-49.52,2023-12-13,15:31:53
000006541048,przelew_wychodzacy,-51.06,2023-12-22,15:31:53
000003439250,przelew_wychodzacy,-58.51,2023-03-13,15:31:53
000006541048,przelew_wychodzacy,-92.97,2023-02-22,15:31:53
000001117464,przelew,-90.91,2023-03-24,15:31:53
000017846053,przelew,64.76,2023-12-02,15:31:53
000008384497,przelew_wychodzacy,4.91,2023-12-01,15:31:53
000006541048,przelew_przychadzacy,-45.56,2023-11-06,15:31:53
000001132722,wplata,119.89,2023-05-20,15:31:53
000017846053,przelew_wychodzacy,106.02,2023-11-14,15:31:53
000003439250,wplata,59.64,2023-08-14,15:31:53
000017846053,wyplata,-84.49,2023-02-28,15:31:53
000006541048,przelew,-124.49,2023-12-15,15:31:53
000006541048,wplata,-181.6,2023-09-09,15:31:53
000008384497,wplata,154.77,2023-11-25,15:31:53
000001132722,przelew_wychodzacy,50.28,2023-12-24,15:31:53
000003439250,wplata,169.82,2024-01-26,15:31:53
000008384497,przelew_wychodzacy,112.64,2023-11-07,15:31:53
000002826168,przelew_przychadzacy,-41.8,2023-05-01,15:31:53
000007667086,wplata,-27.87,2023-04-16,15:31:53
000001117464,przelew_wychodzacy,-59.23,2023-10-03,15:31:53
000002826168,wplata,-64.61,2023-11-23,15:31:53
000017846053,wplata,-182.64,2023-12-24,15:31:53
000002826168,wyplata,147.89,2023-11-01,15:31:53
000007667086,wplata,-65.25,2023-04-09,15:31:53
000002826168,przelew,1.91,2023-09-11,15:31:53
000009348444,przelew_wychodzacy,-26.28,2023-03-08,15:31:53
000002826168,przelew_przychadzacy,180.66,2023-04-13,15:31:53
000003439250,przelew_przychadzacy,-68.07,2023-11-14,15:31:53
000009348444,przelew,-66.79,2024-01-13,15:31:53
000001117464,przelew_wychodzacy,-107.82,2023-11-06,15:31:53
000008384497,przelew,39.11,2023-05-12,15:31:53
000003439250,wplata,-15.07,2023-10-28,15:31:53
000007667086,przelew_przychadzacy,-152.62,2023-10-29,15:31:53
000001117464,przelew_wychodzacy,166.31,2023-10-13,15:31:53
000001132722,wplata,141.32,2023-04-16,15:31:53
000017846053,przelew_wychodzacy,59.4,2023-11-29,15:31:53
000002826168,przelew_wychodzacy,-180.4,2024-01-28,15:31:53
000001117464,wyplata,75.9,2023-05-21,15:31:53
000009348444,przelew_przychadzacy,105.15,2024-01-04,15:31:53
000008384497,przelew,-162.24,2023-10-12,15:31:53
000001117464,wplata,-187.33,2023-03-06,15:31:53
000001132722,wyplata,-96.6,2023-04-10,15:31:53
000001117464,przelew,184.38,2023-02-19,15:31:53
000006541048,przelew_przychadzacy,2.44,2023-04-15,15:31:53
000007667086,przelew,-112.27,2023-11-16,15:31:53
000006541048,wyplata,-114.21,2023-04-29,15:31:53
000009348444,przelew_wychodzacy,109.21,2023-12-01,15:31:53
000006541048,wplata,158.41,2023-11-27,15:31:53
000006541048,wyplata,69.91,2023-11-12,15:31:53
000003439250,przelew,87.42,2023-04-26,15:31:53
000007667086,wplata,65.48,2023-05-25,15:31:53
000006541048,przelew,-3.61,2023-12-10,15:31:53
000008384497,przelew,-109.63,2023-02-05,15:31:53
000002826168,wplata,118.85,2023-10-13,15:31:53
000007667086,przelew,83.17,2023-06-06,15:31:53
000001117464,przelew_przychadzacy,160.33,2023-07-06,15:31:53
000002826168,przelew_wychodzacy,169.26,2023-04-16,15:31:53
000001132722,przelew_wychodzacy,54.91,2023-10-28,15:31:53
000007667086,przelew,160.49,2023-02-14,15:31:53
000008384497,przelew_wychodzacy,26.83,2023-09-03,15:31:53
000008384497,przelew_wychodzacy,-107.47,2023-02-03,15:31:53
000008384497,przelew_wychodzacy,-127.36,2023-07-19,15:31:53
000001132722,wyplata,145.74,2024-01-29,15:31:53
000017846053,wyplata,-165.5,2023-06-14,15:31:53
000002826168,przelew,90.95,2023-03-12,15:31:53
000009348444,przelew_przychadzacy,177.62,2023-03-28,15:31:53
000001132722,wplata,83.52,2023-09-01,15:31:53
000002826168,wyplata,153.73,2023-04-25,15:31:53
000001132722,przelew,-95.6,2023-08-22,15:31:53
000017846053,przelew,-172.03,2023-12-21,15:31:53
000002826168,przelew_przychadzacy,-91.07,2024-01-15,15:31:53
000007667086,przelew_wychodzacy,-35.08,2023-09-08,15:31:53
000001117464,wplata,32.81,2023-05-14,15:31:53
000001132722,przelew_przychadzacy,-11.97,2024-01-04,15:31:53
000008384497,przelew_wychodzacy,14.26,2024-01-07,15:31:53
000001117464,wyplata,196.38,2023-06-10,15:31:53
000008384497,wyplata,121.05,2023-07-24,15:31:53
000001117464,wplata,-136.41,2023-10-26,15:31:53
000002826168,wyplata,38.96,2023-11-18,15:31:53
000003439250,wplata,30.32,2024-01-29,15:31:53
000009348444,przelew_przychadzacy,-18.06,2023-06-16,15:31:53
000017846053,przelew_wychodzacy,152.46,2024-01-05,15:31:53
000001117464,wyplata,144.81,2023-08-31,15:31:53
000001117464,przelew,-154.12,2023-08-26,15:31:53
000001132722,wplata,2.71,2023-11-29,15:31:53
000009348444,wplata,95.12,2023-10-20,15:31:53
000001117464,przelew_wychodzacy,-18.24,2023-04-19,15:31:53
000001117464,wplata,-198.33,2023-02-27,15:31:53
000003439250,wplata,70.99,2023-10-31,15:31:53
000017846053,przelew_przychadzacy,1.56,2023-09-21,15:31:53
000017846053,przelew_przychadzacy,53.48,2023-08-08,15:31:53
000008384497,przelew,73.42,2023-06-23,15:31:53
000009348444,przelew_przychadzacy,-145.05,2023-09-07,15:31:53
000001132722,wyplata,-55.18,2023-03-22,15:31:53
000009348444,przelew_przychadzacy,-10.36,2023-03-06,15:31:53
000006541048,wyplata,34.1,2023-11-26,15:31:53
000001117464,przelew,147.22,2023-02-26,15:31:53
000001132722,przelew,140.62,2023-11-26,15:31:53
000008384497,przelew_przychadzacy,99.72,2023-02-19,15:31:53
000002826168,przelew,-110.64,2023-10-25,15:31:53
000006541048,przelew,-116.7,2023-04-19,15:31:53
000008384497,wyplata,41.22,2023-10-21,15:31:53
000009348444,wplata,-90.29,2023-02-09,15:31:53
000003439250,wplata,20.85,2023-07-07,15:31:53
000002826168,wplata,-147.5,2023-10-23,15:31:53
000007667086,przelew_wychodzacy,154.44,2023-02-19,15:31:53
000017846053,przelew_wychodzacy,123.71,2024-01-18,15:31:53
000009348444,wplata,106.57,2023-12-28,15:31:53
000007667086,przelew,-98.61,2024-01-29,15:31:53
000002826168,przelew,170.03,2023-05-23,15:31:53
000001117464,wplata,-97.17,2023-09-17,15:31:53
000003439250,przelew,-145.9,2023-11-20,15:31:53
000017846053,wyplata,-91.0,2023-06-22,15:31:53
000009348444,przelew,-117.18,2023-11-29,15:31:53
000009348444,wplata,135.2,2023-03-04,15:31:53
000002826168,wplata,-131.47,2023-12-31,15:31:53
000017846053,przelew,-91.71,2023-12-20,15:31:53
000001117464,przelew_przychadzacy,124.5,2023-06-07,15:31:53
000017846053,wplata,-49.53,2023-09-29,15:31:53
000001117464,przelew_wychodzacy,-42.95,2023-06-05,15:31:53
000008384497,wyplata,-174.64,2023-07-11,15:31:53
000009348444,przelew_przychadzacy,115.99,2023-11-14,15:31:53
000001117464,przelew_wychodzacy,118.7,2023-07-23,15:31:53
000001132722,przelew_wychodzacy,0.68,2023-06-08,15:31:53
000009348444,wplata,-196.39,2023-07-08,15:31:53
000009348444,przelew,137.75,2023-05-07,15:31:53
000007667086,wplata,172.3,2023-06-16,15:31:53
000009348444,przelew_wychodzacy,-153.59,2023-12-30,15:31:53
000003439250,wplata,157.93,2023-10-05,15:31:53
000001117464,przelew_wychodzacy,-76.56,2023-06-05,15:31:53
000001117464,przelew_wychodzacy,-50.02,2023-08-08,15:31:53
000017846053,przelew,165.96,2023-03-10,15:31:53
000002826168,wplata,189.28,2023-12-02,15:31:53
000008384497,przelew_wychodzacy,41.73,2023-12-29,15:31:53
000007667086,wplata,-85.54,2023-09-19,15:31:53
000001132722,przelew,-58.42,2023-11-18,15:31:53
000001117464,przelew_przychadzacy,-8.83,2023-11-29,15:31:53
000006541048,wplata,-62.75,2023-12-24,15:31:53
000001132722,wplata,87.92,2023-08-13,15:31:53
000001117464,wyplata,60.26,2023-10-14,15:31:53
000001117464,przelew_wychodzacy,130.97,2024-01-30,15:31:53
000001117464,wyplata,-182.31,2023-03-05,15:31:53
000006541048,przelew_wychodzacy,-82.44,2023-05-27,15:31:53
000009348444,wyplata,174.86,2023-11-03,15:31:53
000007667086,przelew_wychodzacy,72.37,2023-11-22,15:31:53
000003439250,przelew,-59.67,2024-01-11,15:31:53
000002826168,wyplata,5.39,2023-08-24,15:31:53
000006541048,przelew,-36.49,2024-01-02,15:31:53
000017846053,przelew,-137.06,2023-05-21,15:31:53
000001117464,wplata,93.98,2023-09-08,15:31:53
000006541048,przelew_przychadzacy,162.97,2024-01-24,15:31:53
000017846053,przelew,74.16,2023-08-21,15:31:53
000017846053,przelew_wychodzacy,-96.82,2023-04-06,15:31:53
000007667086,wplata,153.95,2023-11-07,15:31:53
000009348444,wplata,18.55,2023-07-07,15:31:53
000009348444,wyplata,-177.18,2023-03-07,15:31:53
000001117464,przelew,-72.37,2023-08-17,15:31:53
000002826168,przelew_przychadzacy,-46.25,2023-08-04,15:31:53
000006541048,przelew_przychadzacy,-166.06,2023-05-27,15:31:53
000007667086,wplata,-83.76,2023-03-16,15:31:53
000017846053,wyplata,81.6,2023-05-21,15:31:53
000006541048,przelew_przychadzacy,-36.95,2023-02-27,15:31:53
000003439250,przelew_przychadzacy,-2.71,2023-06-11,15:31:53
000009348444,przelew_przychadzacy,-62.9,2023-04-26,15:31:53
000003439250,wplata,-199.62,2024-01-25,15:31:53
000007667086,przelew,-113.58,2023-01-31,15:31:53
000008384497,przelew_przychadzacy,-165.72,2023-10-22,15:31:53
000002826168,wplata,97.19,2023-10-15,15:31:53
000008384497,przelew,119.33,2023-11-29,15:31:53
000002826168,przelew_przychadzacy,156.9,2023-04-06,15:31:53
000008384497,przelew_wychodzacy,119.07,2023-09-29,15:31:53
000006541048,wyplata,14.87,2023-01-31,15:31:53
000017846053,przelew,-30.15,2023-05-15,15:31:53
000003439250,przelew,-22.17,2023-05-11,15:31:53
000006541048,wyplata,82.75,2023-11-01,15:31:53
000009348444,wyplata,-116.25,2023-09-09,15:31:53
000003439250,przelew,199.04,2023-06-25,15:31:53
000009348444,przelew,62.86,2023-08-25,15:31:53
000007667086,przelew_przychadzacy,169.78,2023-04-22,15:31:53
000003439250,wyplata,-117.24,2023-06-19,15:31:53
000003439250,przelew,-10.66,2024-01-08,15:31:53
000008384497,wyplata,44.76,2023-09-07,15:31:53
000002826168,przelew,-39.55,2024-01-06,15:31:53
000008384497,przelew,132.12,2023-07-31,15:31:53
000001117464,przelew_przychadzacy,-126.41,2023-04-27,15:31:53
000002826168,przelew_wychodzacy,-115.21,2023-04-16,15:31:53
000006541048,wplata,29.23,2023-07-28,15:31:53
000008384497,wplata,-67.01,2023-06-25,15:31:53
000001117464,wplata,100.93,2023-10-13,15:31:53
000017846053,wyplata,80.54,2023-05-29,15:31:53
000001132722,wplata,95.87,2023-08-04,15:31:53
000006541048,wyplata,149.11,2023-05-31,15:31:53
000008384497,wplata,-199.67,2023-07-10,15:31:53
000009348444,przelew_wychodzacy,-21.49,2023-04-13,15:31:53
000003439250,wplata,149.23,2023-11-26,15:31:53
000006541048,przelew,50.91,2023-08-23,15:31:53
000003439250,wplata,-70.01,2023-10-06,15:31:53
000009348444,przelew_wychodzacy,118.67,2023-05-06,15:31:53
000017846053,wplata,-122.87,2023-01-31,15:31:53
000001117464,przelew_wychodzacy,144.41,2023-12-30,15:31:53
000003439250,przelew_przychadzacy,160.88,2023-03-28,15:31:53
000003439250,przelew_przychadzacy,-110.65,2023-07-14,15:31:53
000001117464,wplata,-82.38,2024-01-09,15:31:53
000002826168,przelew_wychodzacy,166.39,2023-09-03,15:31:53
000009348444,przelew_wychodzacy,-70.29,2023-09-18,15:31:53
000001117464,wplata,-130.29,2023-02-03,15:31:53
000001117464,wplata,139.32,2023-07-07,15:31:53
000007667086,przelew,64.36,2023-03-07,15:31:53
000017846053,przelew_wychodzacy,68.42,2024-01-17,15:31:53
000017846053,przelew,-20.12,2023-06-25,15:31:53
000001132722,przelew_przychadzacy,76.33,2023-11-30,15:31:53
000002826168,wplata,-37.69,2023-08-01,15:31:53
000009348444,przelew_wychodzacy,92.3,2023-12-10,15:31:53
000002826168,wplata,187.41,2023-06-13,15:31:53
000007667086,przelew_przychadzacy,-39.84,2023-08-30,15:31:53
000008384497,przelew,134.07,2023-11-18,15:31:53
000007667086,przelew_wychodzacy,93.78,2023-11-10,15:31:53
000003439250,przelew_przychadzacy,-183.78,2023-02-12,15:31:53
000017846053,wplata,-149.45,2023-08-25,15:31:53
000007667086,przelew_wychodzacy,-36.44,2023-12-04,15:31:53
000007667086,wplata,185.29,2023-10-04,15:31:53
000002826168,wyplata,-21.7,2023-11-07,15:31:53
000008384497,przelew_wychodzacy,39.3,2023-11-21,15:31:53
000017846053,przelew,182.79,2023-11-10,15:31:53
000002826168,przelew_przychadzacy,-158.24,2024-01-04,15:31:53
000008384497,przelew_wychodzacy,90.15,2023-03-17,15:31:53
000007667086,przelew_wychodzacy,198.81,2023-11-19,15:31:53
000017846053,przelew_wychodzacy,145.23,2023-02-15,15:31:53
000017846053,przelew,-178.92,2023-11-27,15:31:53
000009348444,przelew,192.99,2023-05-18,15:31:53
000009348444,wplata,-57.36,2023-02-04,15:31:53
000001117464,przelew_przychadzacy,106.49,2023-07-01,15:31:53
000008384497,przelew_przychadzacy,-2.03,2023-05-03,15:31:53
000001117464,wplata,-162.34,2023-03-20,15:31:53
000009348444,wyplata,-62.97,2023-09-27,15:31:53
000002826168,wplata,-54.64,2023-03-14,15:31:53
000002826168,wyplata,-118.72,2023-07-20,15:31:53
000008384497,przelew_wychodzacy,198.03,2023-04-26,15:31:53
000001132722,wplata,28.02,2023-10-06,15:31:53
000017846053,wyplata,-8.31,2024-01-22,15:31:53
000007667086,wplata,87.65,2023-04-12,15:31:53
000009348444,przelew,-128.44,2023-10-23,15:31:53
000009348444,przelew_wychodzacy,-56.89,2023-02-08,15:31:53
000009348444,przelew,177.14,2023-05-23,15:31:53
000009348444,wyplata,-112.15,2023-05-30,15:31:53
000008384497,wplata,-104.21,2023-09-05,15:31:53
000008384497,wyplata,94.43,2023-07-24,15:31:53
000009348444,wyplata,-14.01,2023-05-04,15:31:53
000003439250,przelew,142.41,2023-03-02,15:31:53
000006541048,wplata,-52.65,2023-06-23,15:31:53
000003439250,przelew_przychadzacy,159.27,2023-07-05,15:31:53
000003439250,przelew_przychadzacy,190.17,2024-01-09,15:31:53
000001117464,przelew_przychadzacy,13.54,2023-12-14,15:31:53
000003439250,wyplata,-4.97,2023-08-30,15:31:53
000007667086,przelew_przychadzacy,-166.73,2023-11-14,15:31:53
000008384497,wyplata,-137.66,2023-11-06,15:31:53
000008384497,przelew_wychodzacy,-156.55,2023-10-31,15:31:53
000017846053,przelew_wychodzacy,-20.37,2023-10-19,15:31:53
000017846053,przelew,97.46,2023-05-16,15:31:53
000001132722,przelew_wychodzacy,-92.47,2024-01-23,15:31:53
000003439250,przelew_wychodzacy,118.79,2023-10-24,15:31:53
000001117464,przelew_wychodzacy,169.87,2023-08-11,15:31:53
000008384497,przelew,-97.69,2024-01-25,15:31:53
000009348444,przelew,132.95,2023-06-03,15:31:53
000003439250,przelew,-181.7,2023-08-22,15:31:53
000003439250,przelew_przychadzacy,59.37,2023-10-07,15:31:53
000008384497,wplata,-32.95,2023-04-14,15:31:53
000008384497,przelew,164.16,2023-07-27,15:31:53
000007667086,przelew,43.69,2023-10-20,15:31:53
000001117464,przelew_przychadzacy,115.7,2023-10-06,15:31:53
000017846053,przelew_wychodzacy,-104.26,2023-12-20,15:31:53
000003439250,przelew_wychodzacy,-145.47,2023-03-31,15:31:53
000003439250,przelew_przychadzacy,38.94,2023-10-16,15:31:53
000002826168,przelew,75.74,2023-10-16,15:31:53
000017846053,przelew,-2.17,2023-12-15,15:31:53
000008384497,przelew_wychodzacy,-196.16,2023-05-07,15:31:53
000003439250,przelew_przychadzacy,-9.8,2023-08-16,15:31:53
000002826168,przelew_wychodzacy,24.6,2023-12-12,15:31:53
000007667086,wplata,-95.66,2023-02-08,15:31:53
000008384497,przelew,-7.43,2023-10-31,15:31:53
000008384497,przelew_wychodzacy,-22.01,2023-03-03,15:31:53
000003439250,przelew,72.96,2023-03-31,15:31:53
000001132722,wplata,125.41,2023-12-22,15:31:53
000003439250,przelew,-29.31,2023-07-28,15:31:53
000008384497,przelew_wychodzacy,-76.66,2024-01-24,15:31:53
000003439250,wplata,-133.2,2024-01-01,15:31:53
000017846053,przelew,170.54,2023-07-29,15:31:53
000001117464,przelew,-124.89,2023-06-01,15:31:53
000001132722,wyplata,77.72,2023-04-16,15:31:53
000007667086,przelew_przychadzacy,-16.1,2023-10-24,15:31:53
000008384497,przelew,138.2,2023-12-19,15:31:53
000007667086,wyplata,-51.52,2023-05-04,15:31:53
000017846053,przelew,-27.5,2023-03-10,15:31:53
000003439250,wyplata,-75.2,2023-09-26,15:31:53
000003439250,przelew,189.26,2023-06-17,15:31:53
000008384497,przelew_przychadzacy,108.74,2023-05-11,15:31:53
000002826168,przelew_przychadzacy,-79.46,2023-02-02,15:31:53
000003439250,przelew_przychadzacy,92.88,2023-02-19,15:31:53
000009348444,przelew,90.25,2023-05-12,15:31:53
000002826168,przelew_wychodzacy,150.7,2023-03-09,15:31:53
000009348444,wyplata,112.32,2023-03-20,15:31:53
000003439250,wplata,-7.9,2023-10-12,15:31:53
000007667086,wyplata,162.32,2023-09-29,15:31:53
000001117464,przelew_przychadzacy,-116.83,2023-08-06,15:31:53
000007667086,wplata,6.24,2023-08-21,15:31:53
000003439250,wplata,151.75,2023-07-21,15:31:53
000007667086,wplata,-85.61,2023-07-24,15:31:53
000001117464,wplata,141.56,2023-05-09,15:31:53
000017846053,wyplata,75.03,2023-07-03,15:31:53
000001132722,wyplata,199.56,2023-10-24,15:31:53
000008384497,przelew_przychadzacy,-42.96,2023-02-20,15:31:53
000001117464,wplata,-78.08,2023-08-04,15:31:53
000002826168,przelew_przychadzacy,15.31,2023-11-29,15:31:53
000006541048,przelew_przychadzacy,181.55,2023-12-31,15:31:53
000001117464,wyplata,-98.31,2023-10-14,15:31:53
000009348444,przelew_wychodzacy,-157.93,2023-12-27,15:31:53
000007667086,przelew,-102.34,2023-08-04,15:31:53
000017846053,przelew_wychodzacy,81.74,2023-07-29,15:31:53
000017846053,przelew,142.5,2023-09-23,15:31:53
000001117464,przelew_przychadzacy,47.4,2023-04-26,15:31:53
000002826168,wyplata,45.74,2023-12-11,15:31:53
000009348444,przelew_przychadzacy,58.31,2024-01-22,15:31:53
000003439250,wyplata,0.77,2023-07-31,15:31:53
000003439250,przelew_wychodzacy,137.13,2023-11-23,15:31:53
000002826168,wplata,60.25,2023-05-05,15:31:53
000001132722,wyplata,178.44,2023-05-14,15:31:53
000001117464,przelew_przychadzacy,104.07,2023-05-12,15:31:53
000007667086,wyplata,-14.92,2023-09-09,15:31:53
000009348444,przelew_przychadzacy,-155.36,2023-11-20,15:31:53
000001132722,wplata,-17.46,2023-11-06,15:31:53
000001117464,przelew,48.01,2023-10-27,15:31:53
000003439250,wplata,-63.23,2023-10-15,15:31:53
000001132722,przelew_przychadzacy,-164.61,2023-07-22,15:31:53
000002826168,przelew_przychadzacy,-1.46,2023-12-27,15:31:53
000006541048,przelew,124.56,2023-11-02,15:31:53
000006541048,wplata,-100.77,2023-10-31,15:31:53
000007667086,wplata,133.62,2023-08-03,15:31:53
000017846053,przelew_przychadzacy,-46.86,2024-01-23,15:31:53
000009348444,wyplata,175.2,2023-04-07,15:31:53
000006541048,przelew_wychodzacy,-146.08,2023-04-18,15:31:53
000017846053,przelew_wychodzacy,-146.19,2023-02-11,15:31:53
000008384497,przelew_wychodzacy,-113.67,2024-01-09,15:31:53
000001132722,wplata,-51.11,2023-04-20,15:31:53
000009348444,przelew_wychodzacy,-12.14,2024-01-30,15:31:53
000001117464,wplata,-12.16,2023-08-23,15:31:53
000001132722,wyplata,196.74,2024-01-26,15:31:53
000001117464,wplata,-5.41,2023-07-22,15:31:53
000006541048,wyplata,46.17,2023-09-20,15:31:53
000006541048,przelew,23.31,2023-11-21,15:31:53
000009348444,wyplata,197.77,2023-02-25,15:31:53
000006541048,przelew_przychadzacy,147.31,2023-02-21,15:31:53
000017846053,wplata,96.07,2023-12-21,15:31:53
000009348444,wyplata,188.52,2023-08-06,15:31:53
000008384497,przelew,-148.5,2023-12-10,15:31:53
000003439250,wyplata,195.85,2023-05-13,15:31:53
000003439250,wplata,120.59,2023-08-01,15:31:53
000002826168,wyplata,-142.02,2023-12-29,15:31:53
000007667086,wplata,66.1,2023-02-15,15:31:53
000003439250,przelew_wychodzacy,-147.99,2023-09-08,15:31:53
000001117464,wplata,-143.43,2023-04-12,15:31:53
000001117464,przelew,-26.2,2023-11-02,15:31:53
000006541048,wyplata,112.44,2023-11-21,15:31:53
000003439250,wplata,-171.8,2023-05-26,15:31:53
000008384497,wplata,199.88,2023-06-13,15:31:53
000009348444,przelew_przychadzacy,101.59,2023-07-11,15:31:53
000008384497,wyplata,-118.43,2023-11-11,15:31:53
000009348444,wplata,115.56,2023-02-22,15:31:53
000001132722,przelew_wychodzacy,-19.83,2023-09-04,15:31:53
000001117464,przelew,-109.22,2023-08-02,15:31:53
000007667086,wplata,-21.24,2023-12-13,15:31:53
000002826168,przelew,-143.1,2023-03-23,15:31:53
000001132722,wplata,-180.04,2023-04-07,15:31:53
000008384497,przelew_wychodzacy,-61.62,2024-01-08,15:31:53
000003439250,przelew_wychodzacy,59.5,2023-09-23,15:31:53
000002826168,przelew_wychodzacy,-40.24,2023-10-13,15:31:53
000001117464,wyplata,87.64,2024-01-01,15:31:53
000008384497,przelew_przychadzacy,-29.47,2024-01-15,15:31:53
000008384497,wplata,-32.04,2023-11-26,15:31:53
000003439250,przelew,-106.64,2023-10-06,15:31:53
000002826168,przelew,-99.45,2023-11-10,15:31:53
000002826168,przelew_wychodzacy,-18.97,2023-05-29,15:31:53
000017846053,przelew_przychadzacy,23.56,2023-11-13,15:31:53
000001117464,przelew_wychodzacy,-118.04,2023-04-26,15:31:53
000001117464,przelew,8.84,2023-10-07,15:31:53
000001132722,przelew_przychadzacy,48.17,2023-11-30,15:31:53
000003439250,przelew,46.8,2023-08-05,15:31:53
000007667086,przelew_wychodzacy,90.11,2023-05-10,15:31:53
000009348444,przelew,167.26,2023-07-21,15:31:53
000001132722,wyplata,121.2,2023-06-13,15:31:53
000017846053,przelew,36.09,2023-07-01,15:31:53
000003439250,przelew_przychadzacy,110.9,2023-12-28,15:31:53
000003439250,wyplata,23.48,2023-12-01,15:31:53
000007667086,wyplata,63.41,2023-12-26,15:31:53
000001132722,wyplata,100.18,2023-06-16,15:31:53
000003439250,przelew_wychodzacy,134.05,2023-02-22,15:31:53
000002826168,wplata,-163.62,2023-12-10,15:31:53
000003439250,wyplata,-176.77,2023-02-03,15:31:53
000017846053,wyplata,-186.36,2024-01-12,15:31:53
000007667086,przelew,-97.16,2023-09-30,15:31:53
000003439250,wplata,-121.76,2023-08-08,15:31:53
000003439250,przelew_wychodzacy,166.41,2023-02-25,15:31:53
000009348444,przelew,101.42,2023-04-28,15:31:53
000009348444,przelew_wychodzacy,180.47,2023-10-09,15:31:53
000009348444,wyplata,63.85,2023-02-17,15:31:53
000003439250,wyplata,65.85,2023-09-27,15:31:53
000007667086,wyplata,-22.22,2023-03-28,15:31:53
000006541048,przelew_wychodzacy,-85.54,2023-05-11,15:31:53
000008384497,przelew_przychadzacy,129.51,2023-12-25,15:31:53
000003439250,przelew,179.43,2023-12-12,15:31:53
000009348444,przelew,-171.66,2023-11-10,15:31:53
000001117464,wplata,-62.4,2023-12-30,15:31:53
000003439250,przelew,153.61,2023-12-09,15:31:53
000008384497,przelew,-198.1,2024-01-24,15:31:53
000001132722,przelew,180.06,2023-08-24,15:31:53
000006541048,wplata,-151.59,2023-09-10,15:31:53
000001117464,przelew_przychadzacy,148.18,2023-12-23,15:31:53
000006541048,wyplata,141.01,2023-11-27,15:31:53
000017846053,przelew_wychodzacy,130.03,2024-01-19,15:31:53
000001132722,przelew_przychadzacy,-7.9,2023-10-16,15:31:53
000008384497,przelew_przychadzacy,-194.27,2023-02-16,15:31:53
000002826168,przelew_przychadzacy,-175.16,2023-06-01,15:31:53
000009348444,przelew_przychadzacy,118.07,2023-07-27,15:31:53
000001117464,przelew_przychadzacy,4.44,2023-07-07,15:31:53
000001117464,wyplata,96.59,2024-01-29,15:31:53
000001117464,przelew_przychadzacy,89.97,2023-08-19,15:31:53
000002826168,przelew,-84.84,2023-10-06,15:31:53
000008384497,wplata,191.21,2023-10-19,15:31:53
000009348444,przelew,22.73,2023-06-23,15:31:53
000007667086,wyplata,-11.32,2024-01-30,15:31:53
000009348444,przelew_wychodzacy,-27.45,2023-10-04,15:31:53
000017846053,wyplata,-100.32,2023-04-12,15:31:53
000008384497,wyplata,-94.91,2023-03-25,15:31:53
000001117464,wyplata,145.5,2023-08-03,15:31:53
000001132722,przelew_wychodzacy,-136.69,2023-04-22,15:31:53
000001117464,wyplata,-172.83,2023-07-22,15:31:53
000009348444,wplata,-69.19,2023-12-10,15:31:53
000002826168,przelew_wychodzacy,21.23,2023-04-06,15:31:53
000007667086,wyplata,-41.95,2024-01-17,15:31:53
000006541048,przelew_przychadzacy,-199.76,2023-11-28,15:31:53
000006541048,wyplata,-20.97,2023-07-26,15:31:53
000017846053,przelew_przychadzacy,-4.96,2023-03-12,15:31:53
000002826168,przelew,27.11,2023-04-19,15:31:53
000003439250,przelew_wychodzacy,124.16,2023-05-02,15:31:53
000002826168,wyplata,145.56,2023-06-27,15:31:53
000003439250,przelew_wychodzacy,142.33,2024-01-17,15:31:53
000001132722,wyplata,85.85,2023-03-11,15:31:53
000001117464,wplata,-21.49,2023-09-22,15:31:53
000003439250,wplata,-139.85,2023-08-07,15:31:53
000017846053,przelew,-54.71,2024-01-30,15:31:53
000002826168,przelew,-149.93,2023-08-24,15:31:53
000008384497,wyplata,179.66,2023-02-28,15:31:53
000001117464,przelew_przychadzacy,166.3,2023-04-23,15:31:53
000007667086,przelew,-131.55,2023-03-20,15:31:53
000017846053,przelew_wychodzacy,-178.94,2023-09-20,15:31:53
000009348444,wyplata,134.39,2023-03-11,15:31:53
000008384497,przelew,-178.83,2023-03-01,15:31:53
000002826168,przelew_wychodzacy,-76.1,2023-11-03,15:31:53
000007667086,przelew_przychadzacy,104.24,2023-08-22,15:31:53
000001117464,przelew_wychodzacy,85.78,2023-06-12,15:31:53
000008384497,wplata,-166.89,2023-05-01,15:31:53
000008384497,przelew_przychadzacy,20.19,2023-11-22,15:31:53
000001132722,wyplata,151.41,2023-12-02,15:31:53
000017846053,przelew_przychadzacy,-44.46,2023-04-02,15:31:53
000006541048,przelew_przychadzacy,0.9,2023-08-14,15:31:53
000007667086,przelew_przychadzacy,75.36,2024-01-04,15:31:53
000001117464,przelew_przychadzacy,7.33,2023-06-02,15:31:53
000007667086,przelew_przychadzacy,91.24,2023-05-16,15:31:53
000003439250,przelew_przychadzacy,74.86,2023-10-01,15:31:53
000001132722,wyplata,36.88,2023-06-02,15:31:53
000009348444,przelew,-96.89,2023-10-10,15:31:53
000001117464,przelew,22.24,2023-12-12,15:31:53
000001132722,przelew_wychodzacy,-109.89,2023-05-14,15:31:53
000006541048,przelew,124.51,2023-04-12,15:31:53
000007667086,wplata,-24.11,2023-07-30,15:31:53
000001132722,wplata,156.95,2023-04-25,15:31:53
000008384497,przelew,-42.34,2023-03-01,15:31:53
000001132722,wplata,-82.04,2023-06-01,15:31:53
000001132722,wyplata,34.43,2023-09-20,15:31:53
000017846053,przelew_przychadzacy,-18.63,2023-05-17,15:31:53
000008384497,wyplata,44.46,2023-04-25,15:31:53
000009348444,przelew,1.26,2024-01-15,15:31:53
000001117464,wplata,-25.52,2023-05-24,15:31:53
000001132722,przelew_wychodzacy,78.01,2023-11-10,15:31:53
000003439250,wplata,154.08,2023-04-16,15:31:53
000008384497,wplata,163.99,2023-06-13,15:31:53
000006541048,wyplata,169.55,2023-12-19,15:31:53
000001132722,wyplata,-160.54,2023-09-11,15:31:53
000008384497,przelew,140.3,2023-03-07,15:31:53
000006541048,przelew,34.98,2023-04-22,15:31:53
000001132722,przelew_przychadzacy,191.46,2023-07-04,15:31:53
000017846053,wyplata,-44.5,2023-02-26,15:31:53
000009348444,przelew,-189.52,2023-04-17,15:31:53
000002826168,wplata,-69.34,2023-04-28,15:31:53
000009348444,wplata,177.01,2023-10-25,15:31:53
000003439250,wyplata,181.6,2023-03-10,15:31:53
000017846053,wplata,88.91,2024-01-03,15:31:53
000001132722,wyplata,27.03,2023-07-04,15:31:53
000009348444,wyplata,-195.01,2023-07-26,15:31:53
000008384497,przelew_wychodzacy,-199.37,2023-03-04,15:31:53
000002826168,przelew,127.71,2023-04-30,15:31:53
000008384497,przelew,4.75,2023-07-29,15:31:53
000001132722,przelew_wychodzacy,69.01,2024-01-12,15:31:53
000002826168,przelew_wychodzacy,-134.32,2023-07-17,15:31:53
000017846053,przelew,45.99,2023-03-10,15:31:53
000006541048,wyplata,113.79,2023-07-06,15:31:53
000009348444,przelew_przychadzacy,-173.96,2023-08-18,15:31:53
000002826168,przelew,-153.13,2023-05-01,15:31:53
000006541048,wyplata,65.78,2023-11-19,15:31:53
000007667086,wyplata,169.51,2023-05-14,15:31:53
000009348444,przelew_wychodzacy,7.3,2023-05-16,15:31:53
000009348444,wplata,-60.46,2023-02-17,15:31:53
000008384497,przelew_wychodzacy,-79.75,2023-03-11,15:31:53
000007667086,wyplata,94.85,2023-08-25,15:31:53
000017846053,przelew_przychadzacy,65.67,2023-05-16,15:31:53
000008384497,przelew_wychodzacy,55.85,2023-05-26,15:31:53
000001132722,przelew,-158.62,2023-11-07,15:31:53
000006541048,wyplata,35.78,2023-09-13,15:31:53
000007667086,przelew,127.57,2023-11-19,15:31:53
000001132722,przelew_wychodzacy,183.13,2023-03-25,15:31:53
000009348444,przelew_przychadzacy,-165.72,2023-06-08,15:31:53
000006541048,przelew_przychadzacy,14.72,2023-03-31,15:31:53
000002826168,przelew_przychadzacy,109.88,2023-03-19,15:31:53
000008384497,wyplata,90.26,2023-07-07,15:31:53
000003439250,przelew,-127.79,2023-02-27,15:31:53
000003439250,wplata,12.7,2023-04-28,15:31:53
000007667086,przelew_przychadzacy,-21.16,2024-01-17,15:31:53
000009348444,przelew_wychodzacy,175.08,2023-03-25,15:31:53
000002826168,wplata,-39.67,2023-05-02,15:31:53
000008384497,przelew_wychodzacy,100.05,2023-09-15,15:31:53
000007667086,przelew,117.02,2023-03-14,15:31:53
000006541048,wplata,-27.19,2023-12-10,15:31:53
000001132722,przelew_przychadzacy,-67.48,2023-05-21,15:31:53
000017846053,przelew_przychadzacy,57.18,2023-08-12,15:31:53
000002826168,wplata,-58.11,2023-07-19,15:31:53
000003439250,przelew,86.73,2023-03-18,15:31:53
000002826168,przelew,-91.47,2023-11-06,15:31:53
000008384497,wplata,-197.0,2023-10-09,15:31:53
000009348444,wplata,-185.06,2023-07-21,15:31:53
000002826168,wplata,94.6,2023-03-26,15:31:53
000006541048,przelew_wychodzacy,-55.42,2023-09-09,15:31:53
000001117464,wplata,-8.2,2023-10-06,15:31:53
000001132722,wyplata,-12.29,2023-03-24,15:31:53
000006541048,wyplata,80.29,2023-02-16,15:31:53
000003439250,przelew_wychodzacy,174.5,2023-07-18,15:31:53
000008384497,przelew,190.87,2023-03-17,15:31:53
000009348444,przelew,69.91,2023-08-26,15:31:53
000017846053,wyplata,63.8,2023-06-14,15:31:53
000007667086,wplata,14.36,2023-02-04,15:31:53
000003439250,wplata,74.5,2023-06-24,15:31:53
000017846053,przelew_przychadzacy,146.47,2024-01-19,15:31:53
000017846053,wplata,55.84,2023-11-10,15:31:53
000002826168,przelew,-193.12,2023-12-30,15:31:53
000006541048,przelew,87.59,2023-02-23,15:31:53
000007667086,przelew_przychadzacy,-62.51,2024-01-20,15:31:53
000001132722,wyplata,146.58,2023-09-24,15:31:53
000001132722,wyplata,-128.83,2023-02-21,15:31:53
000008384497,przelew_wychodzacy,-182.19,2023-03-07,15:31:53
000001132722,wplata,-47.28,2023-11-14,15:31:53
000006541048,przelew_wychodzacy,137.08,2023-08-20,15:31:53
000009348444,przelew,-45.3,2023-03-06,15:31:53
000007667086,przelew,85.47,2023-04-05,15:31:53
000001117464,przelew_wychodzacy,-183.29,2023-02-16,15:31:53
000006541048,przelew_przychadzacy,105.68,2024-01-09,15:31:53
000017846053,wyplata,-2.42,2023-03-03,15:31:53
000003439250,wplata,116.93,2023-07-11,15:31:53
000003439250,wyplata,108.22,2023-09-13,15:31:53
000003439250,wyplata,-108.42,2023-07-29,15:31:53
000003439250,wyplata,138.43,2023-05-05,15:31:53
000001117464,przelew_przychadzacy,-95.02,2023-09-16,15:31:53
000001132722,przelew,-188.02,2023-07-05,15:31:53
000008384497,przelew_wychodzacy,2.92,2023-05-10,15:31:53
000008384497,przelew_wychodzacy,122.8,2023-12-22,15:31:53
000008384497,przelew_wychodzacy,-192.87,2023-05-26,15:31:53
000009348444,przelew,32.43,2023-08-03,15:31:53
000001117464,przelew_wychodzacy,40.38,2023-05-02,15:31:53
000007667086,przelew,-15.5,2023-12-17,15:31:53
000008384497,wyplata,174.76,2023-10-07,15:31:53
000006541048,przelew_wychodzacy,143.94,2023-06-19,15:31:53
000017846053,przelew,9.21,2023-09-27,15:31:53
000002826168,przelew_przychadzacy,-194.62,2023-06-07,15:31:53
000007667086,wyplata,27.4,2023-11-16,15:31:53
000003439250,wyplata,42.36,2023-07-19,15:31:53
000001117464,wyplata,156.2,2023-11-08,15:31:53
000003439250,przelew_przychadzacy,-44.11,2023-05-29,15:31:53
000008384497,przelew_wychodzacy,-169.31,2023-05-09,15:31:53
000001117464,wplata,155.65,2024-01-02,15:31:53
000007667086,wplata,-190.85,2023-09-06,15:31:53
000017846053,przelew,104.07,2024-01-29,15:31:53
000003439250,wyplata,184.55,2023-09-10,15:31:53
000002826168,wyplata,73.63,2023-12-18,15:31:53
000003439250,przelew,134.38,2023-10-04,15:31:53
000006541048,wplata,41.81,2023-05-04,15:31:53
000008384497,wplata,-142.23,2023-12-26,15:31:53
000003439250,wplata,-157.88,2023-04-29,15:31:53
000009348444,wplata,34.2,2023-10-21,15:31:53
000002826168,przelew_przychadzacy,108.2,2023-06-12,15:31:53
000017846053,przelew_przychadzacy,70.87,2023-08-17,15:31:53
000008384497,przelew_wychodzacy,59.62,2023-02-18,15:31:53
000017846053,wyplata,-125.39,2023-03-13,15:31:53
000003439250,wplata,-74.97,2023-10-28,15:31:53
000001132722,przelew,4.72,2023-06-23,15:31:53
000009348444,przelew_wychodzacy,-72.44,2024-01-14,15:31:53
000002826168,przelew_przychadzacy,-93.49,2023-06-25,15:31:53
000003439250,przelew_przychadzacy,198.55,2023-04-28,15:31:53
000009348444,przelew_przychadzacy,-187.85,2023-12-19,15:31:53
000002826168,przelew_przychadzacy,195.36,2023-03-07,15:31:53
000017846053,przelew_przychadzacy,133.32,2023-09-09,15:31:53
000009348444,przelew,-177.03,2023-12-22,15:31:53
000003439250,przelew_wychodzacy,-10.66,2023-11-26,15:31:53
000008384497,wplata,79.58,2023-12-23,15:31:53
000007667086,wplata,-92.86,2023-03-22,15:31:53
000017846053,wplata,122.08,2023-04-24,15:31:53
000008384497,przelew,-1.18,2024-01-20,15:31:53
000002826168,wyplata,45.59,2023-07-19,15:31:53
000009348444,przelew,110.76,2023-02-23,15:31:53
000009348444,przelew,-65.21,2023-02-20,15:31:53
000009348444,wplata,99.56,2024-01-26,15:31:53
000001117464,przelew_wychodzacy,-131.22,2023-07-29,15:31:53
000001117464,przelew_przychadzacy,23.0,2023-05-20,15:31:53
000003439250,przelew_wychodzacy,-25.2,2023-11-05,15:31:53
000017846053,przelew_wychodzacy,-41.3,2023-09-08,15:31:53
000002826168,wyplata,104.48,2023-09-03,15:31:53
000009348444,wplata,-71.7,2023-12-25,15:31:53
000007667086,przelew,-56.66,2023-07-16,15:31:53
000009348444,przelew_wychodzacy,-13.08,2023-12-07,15:31:53
000002826168,przelew_wychodzacy,-83.38,2023-09-13,15:31:53
000003439250,wplata,-94.86,2023-09-02,15:31:53
000002826168,przelew_przychadzacy,-124.25,2023-08-31,15:31:53
000006541048,wplata,-119.5,2023-07-29,15:31:53
000009348444,przelew,5.71,2023-05-03,15:31:53
000017846053,wplata,-99.07,2023-05-04,15:31:53
000007667086,przelew_wychodzacy,171.37,2023-07-27,15:31:53
000017846053,przelew_przychadzacy,141.54,2023-10-12,15:31:53
000009348444,przelew_przychadzacy,0.72,2023-07-27,15:31:53
000008384497,przelew,-165.06,2023-09-06,15:31:53
000009348444,przelew_wychodzacy,-116.2,2023-05-26,15:31:53
000006541048,przelew_wychodzacy,24.49,2023-08-24,15:31:53
000003439250,wplata,-23.51,2023-09-28,15:31:53
000002826168,przelew,101.44,2023-02-28,15:31:53
000001132722,przelew,171.78,2023-06-06,15:31:53
000009348444,przelew_przychadzacy,191.44,2023-07-10,15:31:53
000006541048,wplata,188.23,2023-06-18,15:31:53
000017846053,przelew_wychodzacy,-28.2,2023-11-25,15:31:53
000008384497,przelew_wychodzacy,-96.93,2023-02-09,15:31:53
000017846053,przelew_wychodzacy,113.42,2023-03-09,15:31:53
000007667086,przelew_przychadzacy,-25.36,2023-07-26,15:31:53
000003439250,przelew_wychodzacy,-0.77,2023-09-06,15:31:53
000007667086,wplata,141.66,2023-07-17,15:31:53
000017846053,przelew_przychadzacy,95.42,2023-04-27,15:31:53
000003439250,przelew_przychadzacy,-190.21,2023-05-19,15:31:53
000008384497,wplata,146.14,2023-07-10,15:31:53
000001117464,przelew,-9.74,2023-07-18,15:31:53
000007667086,wplata,107.81,2023-10-12,15:31:53
000001117464,przelew,-81.45,2023-08-08,15:31:53
000001132722,wplata,82.62,2023-06-13,15:31:53
000001132722,wyplata,-178.03,2023-06-07,15:31:53
000002826168,przelew,-111.02,2023-04-18,15:31:53
000002826168,przelew_wychodzacy,-62.67,2023-03-06,15:31:53
000006541048,przelew_przychadzacy,134.77,2023-03-14,15:31:53
000001132722,przelew_wychodzacy,186.16,2023-03-16,15:31:53
000001117464,przelew_przychadzacy,-49.41,2023-02-22,15:31:53
000001132722,przelew_wychodzacy,-8.11,2023-09-07,15:31:53
000003439250,przelew_przychadzacy,-158.39,2023-04-02,15:31:53
000001132722,wplata,-162.99,2024-01-01,15:31:53
000002826168,wyplata,-113.89,2023-09-12,15:31:53
000002826168,przelew_przychadzacy,-71.6,2023-09-29,15:31:53
000002826168,wplata,129.9,2023-10-09,15:31:53
000003439250,przelew_przychadzacy,-156.06,2023-06-18,15:31:53
000001117464,przelew_przychadzacy,102.73,2023-10-24,15:31:53
000001117464,wplata,-26.68,2023-06-24,15:31:53
000001117464,wplata,96.4,2023-07-07,15:31:53
000001117464,przelew_wychodzacy,38.61,2023-11-18,15:31:53
000007667086,wplata,-92.86,2023-03-30,15:31:53
000008384497,przelew_wychodzacy,29.23,2023-03-23,15:31:53
000001117464,wplata,-171.71,2023-05-16,15:31:53
000008384497,przelew,52.07,2023-09-20,15:31:53
000009348444,przelew_wychodzacy,-97.72,2023-12-04,15:31:53
000017846053,przelew_przychadzacy,-169.15,2023-05-11,15:31:53
000001132722,wplata,44.02,2023-02-09,15:31:53
000009348444,przelew,78.16,2023-04-02,15:31:53
000001117464,przelew,11.33,2023-02-12,15:31:53
000001132722,przelew_przychadzacy,-158.41,2023-12-26,15:31:53
000006541048,wyplata,9.92,2023-12-22,15:31:53
000002826168,przelew_wychodzacy,101.7,2023-11-10,15:31:53
000001117464,wplata,178.51,2023-06-08,15:31:53
000002826168,wplata,-187.71,2023-12-27,15:31:53
000002826168,przelew_wychodzacy,170.56,2023-03-27,15:31:53
000017846053,przelew_wychodzacy,12.28,2024-01-17,15:31:53
000001132722,przelew_wychodzacy,173.63,2023-06-28,15:31:53
000007667086,wyplata,168.78,2024-01-02,15:31:53
000001117464,wyplata,80.3,2023-11-01,15:31:53
000007667086,przelew_wychodzacy,-44.61,2023-02-07,15:31:53
000006541048,wyplata,112.2,2023-11-19,15:31:53
000003439250,przelew,103.67,2024-01-23,15:31:53
000006541048,przelew_przychadzacy,145.6,2023-05-19,15:31:53
000001132722,wplata,-5.73,2023-10-10,15:31:53
000007667086,przelew_wychodzacy,-118.59,2023-07-25,15:31:53
000001132722,przelew_wychodzacy,-172.03,2024-01-01,15:31:53
000006541048,wyplata,96.93,2023-11-08,15:31:53
000002826168,przelew,148.15,2023-05-22,15:31:53
000006541048,wplata,13.11,2023-06-12,15:31:53
000006541048,wyplata,-109.93,2023-06-07,15:31:53
000007667086,wplata,14.79,2024-01-08,15:31:53
000002826168,przelew,-60.45,2023-05-20,15:31:53
000007667086,wyplata,195.15,2023-07-27,15:31:53
000002826168,przelew_przychadzacy,11.9,2023-10-26,15:31:53
000001132722,przelew,95.82,2023-05-11,15:31:53
000006541048,przelew_wychodzacy,135.25,2023-11-23,15:31:53
000017846053,przelew,-106.39,2023-09-21,15:31:53
000003439250,przelew,122.64,2023-03-24,15:31:53
000006541048,wplata,-48.11,2024-01-07,15:31:53
000002826168,przelew_przychadzacy,167.38,2023-09-02,15:31:53
000001132722,wplata,37.22,2023-10-24,15:31:53
000003439250,przelew_przychadzacy,-7.51,2023-04-12,15:31:53
000009348444,przelew_wychodzacy,-0.04,2024-01-28,15:31:53
000001117464,wyplata,161.21,2023-07-11,15:31:53
000001117464,przelew,-58.82,2024-01-11,15:31:53
000002826168,wplata,-81.67,2023-03-05,15:31:53
000001117464,wplata,-1.37,2023-12-24,15:31:53
000001132722,wyplata,-101.81,2023-07-26,15:31:53
000009348444,wplata,-24.97,2023-04-09,15:31:53
000001132722,przelew,0.9,2023-04-27,15:31:53
000006541048,przelew_wychodzacy,-103.58,2023-10-23,15:31:53
000002826168,wyplata,-118.3,2023-12-04,15:31:53
000003439250,przelew,-66.49,2023-10-02,15:31:53
000006541048,przelew,-76.56,2023-05-28,15:31:53
000001117464,przelew_wychodzacy,-125.13,2023-10-03,15:31:53
000001117464,przelew_wychodzacy,-74.98,2023-03-25,15:31:53
000002826168,przelew,107.69,2023-06-21,15:31:53
000006541048,wyplata,-55.87,2023-09-26,15:31:53
000006541048,przelew,80.43,2023-08-16,15:31:53
000007667086,przelew_wychodzacy,170.96,2023-06-15,15:31:53
000001117464,przelew_wychodzacy,176.57,2023-12-24,15:31:53
000017846053,wyplata,-115.73,2024-01-18,15:31:53
000003439250,przelew_wychodzacy,-182.12,2023-08-01,15:31:53
000001132722,przelew_przychadzacy,-150.24,2023-09-28,15:31:53
000003439250,wyplata,137.42,2023-05-23,15:31:53
000001132722,wyplata,136.01,2023-03-27,15:31:53
000009348444,wyplata,30.84,2023-10-15,15:31:53
000006541048,wyplata,118.63,2023-11-17,15:31:53
000007667086,wyplata,91.76,2023-11-09,15:31:53
000003439250,przelew,-40.0,2023-03-04,15:31:53
000008384497,przelew_wychodzacy,182.32,2023-09-30,15:31:53
000001117464,przelew_wychodzacy,145.12,2023-06-07,15:31:53
000007667086,wyplata,167.16,2023-03-26,15:31:53
000006541048,przelew_przychadzacy,82.7,2023-06-12,15:31:53
000008384497,przelew,-160.0,2023-12-28,15:31:53
000001117464,przelew_wychodzacy,-157.57,2023-12-28,15:31:53
000007667086,wplata,-101.83,2023-04-04,15:31:53
000007667086,wplata,-33.61,2023-12-18,15:31:53
000021960744,wplata,+11,2024-01-31,21:46:31
000021960744,wyplata,-1,2024-01-31,21:46:37
000022848133,wplata,+111,2024-01-31,22:35:09
000021960744,wplata,+11,2024-01-31,22:37:17
000021960744,wyplata,-11,2024-01-31,22:37:33
000023030070,wplata,+11,2024-01-31,23:35:22
000023030070,wplata,+1000,2024-01-31,23:35:56
000023030070,wyplata,-111,2024-01-31,23:36:10
000026205591,wplata,+2000,2024-02-01,11:47:55
000026964723,wplata,+111,2024-02-01,17:34:40
000026964723,wplata,+11,2024-02-01,17:42:03
000026964723,wyplata,-11,2024-02-01,17:42:11
000026964723,przelew_wychodzacy,-11,2024-02-01,17:45:50
000025609732,przelew_przychadzacy,+11,2024-02-01,17:45:50
000027442012,wplata,+111,2024-02-06,12:32:26
000001094357,wplata,+111,2024-06-09,23:32:14
